epoch,time,train/box_loss,train/cls_loss,train/dfl_loss,metrics/precision(B),metrics/recall(B),metrics/mAP50(B),metrics/mAP50-95(B),val/box_loss,val/cls_loss,val/dfl_loss,lr/pg0,lr/pg1,lr/pg2
1,1311.17,0.01068,1.48653,0.90572,0.47717,0.25488,0.23907,0.13815,0.01069,1.39892,0.93034,0.0683484,0.00166587,0.00166587
2,2603.09,0.01029,1.31718,0.88948,0.68641,0.25783,0.31506,0.19669,0.00949,1.16879,0.84294,0.0363667,0.00301749,0.00301749
3,3899.28,0.00961,1.16356,0.84729,0.66057,0.2951,0.3486,0.21624,0.00904,1.02021,0.81205,0.00330518,0.00328929,0.00328929
4,5208.05,0.00899,1.03126,0.80985,0.59182,0.35072,0.3824,0.24134,0.00848,0.89616,0.77254,0.00176018,0.00176018,0.00176018
5,6508.36,0.00845,0.91391,0.77971,0.68952,0.3998,0.43063,0.28282,0.00809,0.83105,0.75109,0.000522683,0.000522683,0.000522683
